{
	"name": "testsuite",
	"version": "1.80.0-SNAPSHOT",
	"buildTimestamp": "202006061526",
	"scmRevision": "",
	"libraries": [
		{
			"name": "sap.uxap",
			"version": "1.80.0-SNAPSHOT",
			"buildTimestamp": "202006061526",
			"scmRevision": ""
		},
		{
			"name": "sap.m",
			"version": "1.80.0-SNAPSHOT",
			"buildTimestamp": "202006061526",
			"scmRevision": ""
		},
		{
			"name": "sap.ui.core",
			"version": "1.80.0-SNAPSHOT",
			"buildTimestamp": "202006061526",
			"scmRevision": ""
		},
		{
			"name": "sap.ui.layout",
			"version": "1.80.0-SNAPSHOT",
			"buildTimestamp": "202006061526",
			"scmRevision": ""
		},
		{
			"name": "sap.ui.unified",
			"version": "1.80.0-SNAPSHOT",
			"buildTimestamp": "202006061526",
			"scmRevision": ""
		},
		{
			"name": "sap.tnt",
			"version": "1.80.0-SNAPSHOT",
			"buildTimestamp": "202006061526",
			"scmRevision": ""
		},
		{
			"name": "sap.ui.codeeditor",
			"version": "1.80.0-SNAPSHOT",
			"buildTimestamp": "202006061526",
			"scmRevision": ""
		},
		{
			"name": "sap.ui.commons",
			"version": "1.80.0-SNAPSHOT",
			"buildTimestamp": "202006061526",
			"scmRevision": ""
		},
		{
			"name": "sap.ui.documentation",
			"version": "1.80.0-SNAPSHOT",
			"buildTimestamp": "202006061526",
			"scmRevision": ""
		},
		{
			"name": "sap.ui.dt",
			"version": "1.80.0-SNAPSHOT",
			"buildTimestamp": "202006061526",
			"scmRevision": ""
		},
		{
			"name": "sap.ui.fl",
			"version": "1.80.0-SNAPSHOT",
			"buildTimestamp": "202006061526",
			"scmRevision": ""
		},
		{
			"name": "sap.ui.integration",
			"version": "1.80.0-SNAPSHOT",
			"buildTimestamp": "202006061526",
			"scmRevision": ""
		},
		{
			"name": "sap.ui.rta",
			"version": "1.80.0-SNAPSHOT",
			"buildTimestamp": "202006061526",
			"scmRevision": ""
		},
		{
			"name": "sap.ui.suite",
			"version": "1.80.0-SNAPSHOT",
			"buildTimestamp": "202006061526",
			"scmRevision": ""
		},
		{
			"name": "sap.ui.table",
			"version": "1.80.0-SNAPSHOT",
			"buildTimestamp": "202006061526",
			"scmRevision": ""
		},
		{
			"name": "sap.ui.ux3",
			"version": "1.80.0-SNAPSHOT",
			"buildTimestamp": "202006061526",
			"scmRevision": ""
		},
		{
			"name": "sap.f",
			"version": "1.80.0-SNAPSHOT",
			"buildTimestamp": "202006061526",
			"scmRevision": ""
		},
		{
			"name": "sap.ui.support",
			"version": "1.80.0-SNAPSHOT",
			"buildTimestamp": "202006061526",
			"scmRevision": ""
		},
		{
			"name": "sap.ui.testrecorder",
			"version": "1.80.0-SNAPSHOT",
			"buildTimestamp": "202006061526",
			"scmRevision": ""
		}
	]
}